{
  "as_of_date": "2026-05-01",
  "market_regime": "warm_recovery",
  "temperature_score": 64.92490994382574,
  "confidence_score": 90.22395785599747,
  "dashboard_action": "normal_dca",
  "summary": "Repair signals are strong, but conditions are already warm.",
  "drivers": [
    "semiconductor",
    "recovery",
    "trend"
  ],
  "risks": [
    "no_major_extreme"
  ],
  "inputs": {
    "cnn_fear_greed": 67.0,
    "cnn_ma5": 65.8,
    "dist_sma": 0.10599919950067327,
    "ndx": 27710.36,
    "ndxe_ma": 0.3451972585142857,
    "ndxe_ndx": 0.3367560003,
    "sma": 25054.593179190753,
    "sox_ma": 0.33720502065510205,
    "sox_ndx": 0.3823602436,
    "vix": 16.99,
    "vix_pctile": 0.41337630942788073,
    "vxn": 21.92,
    "vxn_pctile": 0.49793899422918386
  }
}